"","id","source","pmid","pmcid","doi","title","authorString","journalTitle","journalVolume","pubYear","journalIssn","pageInfo","pubType","isOpenAccess","inEPMC","inPMC","hasPDF","hasBook","hasSuppl","citedByCount","hasReferences","hasTextMinedTerms","hasDbCrossReferences","hasLabsLinks","hasTMAccessionNumbers","firstIndexDate","firstPublicationDate","issue"
"1","34910074","MED","34910074","PMC8687650","10.1590/1678-7757-2021-0281","Monitoring of canonical BMP and Wnt activities during postnatal stages of mouse first molar root formation.","Wang J, Ran S, Liu B, Gu S.","J Appl Oral Sci","29","2021","1678-7757; 1678-7765; ","e20210281","research-article; journal article","Y","Y","N","Y","N","N",0,"Y","Y","N","N","N","2021-12-24","2021-12-13",NA
"2","34845186","MED","34845186","PMC8630201","10.1038/s41368-021-00142-4","The effects of altered BMP4 signaling in first branchial-arch-derived murine embryonic orofacial tissues.","Xu J, Chen M, Yan Y, Zhao Q, Shao M, Huang Z.","Int J Oral Sci","13","2021","1674-2818; 2049-3169; ","40","research support, non-u.s. gov't; research-article; journal article","Y","Y","N","Y","N","Y",0,"Y","Y","N","Y","N","2021-12-01","2021-11-29","1"
"3","34911531","MED","34911531","PMC8672593","10.1186/s12903-021-01971-9","Polymicrobial synergy stimulates Porphyromonas gingivalis survival and gingipain expression in a multi-species subgingival community.","Davies JR, Kad T, Neilands J, Kinnby B, Prgomet Z, Bengtsson T, Khalaf H, Svensäter G.","BMC Oral Health","21","2021","1472-6831","639","research support, non-u.s. gov't; research-article; journal article","Y","Y","N","Y","N","Y",0,"Y","Y","N","Y","N","2021-12-24","2021-12-15","1"
"4","34789212","MED","34789212","PMC8597240","10.1186/s12903-021-01913-5","RNAseq of TGF-ß receptor type I kinase-dependent genes in oral fibroblast exposed to milk.","Panahipour L, Moghaddam DM, Nasirzade J, Kargarpour Z, Gruber R.","BMC Oral Health","21","2021","1472-6831","581","research support, non-u.s. gov't; research-article; journal article","Y","Y","N","Y","N","Y",0,"Y","Y","N","Y","Y","2021-11-30","2021-11-16","1"
"5","34686191","MED","34686191","PMC8532308","10.1186/s13005-021-00295-x","Head and neck melanoma: outcome and predictors in a population-based cohort study.","Spoerl S, Spanier G, Reiter E, Gerken M, Haferkamp S, Grosse J, Drexler K, Ettl T, Klinkhammer-Schalke M, Fischer R, Spoerl S, Reichert TE, Klingelhöffer C.","Head Face Med","17","2021","1746-160x","45","research-article; journal article","Y","Y","N","Y","N","N",0,"Y","Y","N","Y","N","2021-11-24","2021-10-22","1"
"6","34922500","MED","34922500","PMC8683824","10.1186/s12903-021-02015-y","Psychometric evaluation of the Lebanese Arabic version of the Dental Fear Survey: a cross-sectional study.","Kassem El Hajj H, Fares Y, Abou-Abbas L.","BMC Oral Health","21","2021","1472-6831","651","research-article; journal article","Y","Y","N","Y","N","N",0,"Y","Y","N","N","N","2021-12-25","2021-12-18","1"
"7","34479596","MED","34479596","PMC8414668","10.1186/s13005-021-00287-x","Influences of cold atmospheric plasma on apoptosis related molecules in osteoblast-like cells in vitro.","Eggers B, Marciniak J, Memmert S, Wagner G, Deschner J, Kramer FJ, Nokhbehsaim M.","Head Face Med","17","2021","1746-160x","37","research-article; journal article","Y","Y","N","Y","N","N",0,"Y","Y","N","Y","N","2021-09-05","2021-09-03","1"
"8","34564680","MED","34564680","PMC8601647","10.4317/medoral.24528","Expression profile of components of the ß-catenin destruction complex in oral dysplasia and oral cancer.","Goñi FJ, Peña-Oyarzún D, Torres VA, Reyes M.","Med Oral Patol Oral Cir Bucal","26","2021","1698-4447; 1698-6946; ","e729-e737","research-article; journal article","Y","Y","N","Y","N","N",0,"Y","Y","N","Y","N","2021-09-27","2021-11-01","6"
"9","34629065","MED","34629065","PMC8504111","10.1186/s12903-021-01845-0","Mucoadhesive film containing a-mangostin shows potential role in oral cancer treatment.","Tangsuksan P, Chuerduangphui J, Takahashi Yupanqui C, Srichana T, Hitakomate E, Pientong C, Ekalaksananan T, Nittayananta W.","BMC Oral Health","21","2021","1472-6831","512","research-article; journal article","Y","Y","N","Y","N","N",0,"Y","Y","N","N","N","2021-10-12","2021-10-10","1"
"10","34308500","MED","34308500","PMC8310813","10.1186/s40729-021-00351-w","Risk assessment of labial bone perforation in the anterior mandibular region: a virtual immediate implant placement study.","Tsai YC, Huang RY, Cheng CD, Cheng WC, Cochran DL, Nguyen TT, Shieh YS, Lin FG, Sung CE.","Int J Implant Dent","7","2021","2198-4034","68","research support, non-u.s. gov't; research-article; journal article","Y","Y","N","Y","N","Y",0,"Y","Y","N","N","N","2021-07-27","2021-07-26","1"
"11","34798843","MED","34798843","PMC8602991","10.1186/s12903-021-01946-w","The impact of COVID-19 on knowledge, attitude, and infection control behaviors among dentists.","Cheng HC, Chang YJ, Liao SR, Siewchaisakul P, Chen SL.","BMC Oral Health","21","2021","1472-6831","584","research support, non-u.s. gov't; research-article; journal article","Y","Y","N","Y","N","Y",0,"Y","Y","N","Y","N","2021-11-30","2021-11-19","1"
"12","34610834","MED","34610834","PMC8491599","10.1186/s12903-021-01844-1","Polymorphic variants in genes related to stress coping are associated with the awake bruxism.","Maciejewska-Szaniec Z, Kaczmarek-Rys M, Hryhorowicz S, Przystanska A, Gredes T, Maciejewska B, Hoppe-Golebiewska J, Slomski R, Plawski A, Czajka-Jakubowska A.","BMC Oral Health","21","2021","1472-6831","496","research support, non-u.s. gov't; research-article; journal article","Y","Y","N","Y","N","N",0,"Y","Y","N","N","Y","2021-10-07","2021-10-05","1"
"13","34401982","MED","34401982","PMC8368769","10.1186/s40729-021-00360-9","Glycemic fluctuation exacerbates inflammation and bone loss and alters microbiota profile around implants in diabetic mice with experimental peri-implantitis.","Li H, Wang Y, Zhang D, Chen T, Hu A, Han X.","Int J Implant Dent","7","2021","2198-4034","79","research support, non-u.s. gov't; research-article; journal article; research support, n.i.h., extramural","Y","Y","N","Y","N","Y",0,"Y","Y","N","Y","N","2021-08-18","2021-08-17","1"
"14","34381012","MED","34381012","PMC8357922","10.1038/s41368-021-00130-8","Methyltransferase like 13 mediates the translation of Snail in head and neck squamous cell carcinoma.","Wang X, Li K, Wan Y, Chen F, Cheng M, Xiong G, Wang G, Chen S, Chen Z, Chen J, Xu X, Wang C, Peng L, Chen D.","Int J Oral Sci","13","2021","1674-2818; 2049-3169; ","26","research support, non-u.s. gov't; research-article; journal article","Y","Y","N","Y","N","N",1,"Y","Y","N","N","N","2021-08-13","2021-08-11","1"
"15","34601633","MED","34601633","PMC8487450","10.1007/s00784-021-04201-2","Stage II and stage III periodontitis clinical burdens of HIV-1 undergoing antiretroviral therapy.","Gonçalves LS, de Carvalho Ferreira D, Vidal F, Souza RC, Gonçalves C, Pavan P, Carrouel F, Bourgeois D, Seymour GJ.","Clin Oral Investig","26","2022","1432-6981; 1436-3771; ","2187-2195","research-article; journal article","Y","Y","N","Y","N","N",0,"Y","Y","N","Y","N","2021-10-05","2021-10-03","2"
"16","34495104","MED","34495104","PMC8425895","10.1590/1678-7757-2020-0939","Evaluation of salivary protein patterns among a rural population exposed and non-exposed to arsenic-contaminated drinking water in areas of Tucumán (Argentina): a pilot study.","Guber RS, Gonzalez Mac Donald M, Aleman MN, Luciardi MC, Mentz P, Wierna A, Ansonnaud C, Garcia V, Ansonnaud AM, Soria A.","J Appl Oral Sci","29","2021","1678-7757; 1678-7765; ","e20200939","research-article; journal article","Y","Y","N","Y","N","N",0,"Y","Y","N","N","N","2021-09-09","2021-09-03",NA
"17","34060707","MED","34060707","PMC8638279","10.1002/cre2.456","Patients' opinion on the use of 2 generations of power-driven water flossers and their impact on gingival inflammation.","Bertl K, Edlund Johansson P, Stavropoulos A.","Clin Exp Dent Res","7","2021","2057-4347","1089-1095","research support, non-u.s. gov't; research-article; journal article","Y","Y","N","Y","N","Y",1,"Y","Y","N","N","N","2021-06-02","2021-05-31","6"
"18","34602059","MED","34602059","PMC8489047","10.1186/s12903-021-01828-1","Old age and other factors associated with salivary microbiome variation.","Schwartz JL, Peña N, Kawar N, Zhang A, Callahan N, Robles SJ, Griebel A, Adami GR.","BMC Oral Health","21","2021","1472-6831","490","research support, non-u.s. gov't; research-article; journal article","Y","Y","N","Y","N","Y",0,"Y","Y","N","Y","N","2021-10-05","2021-10-04","1"
"19","34654409","MED","34654409","PMC8518237","10.1186/s12903-021-01876-7","First trimester exposure to ambient gaseous air pollutants and risk of orofacial clefts: a case-control study in Changsha, China.","Jiang W, Xie W, Ni B, Zhou H, Liu Z, Li X.","BMC Oral Health","21","2021","1472-6831","530","research-article; journal article","Y","Y","N","Y","N","Y",0,"Y","Y","N","N","N","2021-10-17","2021-10-15","1"
"20","34627217","MED","34627217","PMC8501675","10.1186/s12903-021-01872-x","Stimulated saliva composition in patients with cancer of the head and neck region.","Almhöjd U, Cevik-Aras H, Karlsson N, Chuncheng J, Almståhl A.","BMC Oral Health","21","2021","1472-6831","509","research-article; journal article","Y","Y","N","Y","N","N",0,"Y","Y","N","N","Y","2021-10-12","2021-10-09","1"
"21","34088280","MED","34088280","PMC8178891","10.1186/s12903-021-01640-x","Oral health and caries/gingivitis-associated factors of adolescents aged 12-15 in Shandong province, China: a cross-sectional Oral Health Survey.","Zhang M, Lan J, Zhang T, Sun W, Liu P, Wang Z.","BMC Oral Health","21","2021","1472-6831","288","research support, non-u.s. gov't; research-article; journal article","Y","Y","N","Y","N","Y",1,"Y","Y","N","N","N","2021-06-07","2021-06-05","1"
"22","34039957","MED","34039957","PMC8154959","10.1038/s41368-021-00122-8","Three-dimensional reconstruction of systematic histological sections: application to observations on palatal shelf elevation.","Liu W, Wang X, Wang Y, Wang Y, Zhang J, Shi B, Li C.","Int J Oral Sci","13","2021","1674-2818; 2049-3169; ","17","research support, non-u.s. gov't; research-article; journal article","Y","Y","N","Y","N","Y",0,"Y","Y","N","N","N","2021-05-28","2021-05-26","1"
"23","33740161","MED","33740161","PMC8387265","10.1007/s10266-021-00599-z","Enzymatic biofilm destabilisation to support mechanical cleansing of inserted dental implant surfaces: an in-vitro pilot study.","Matthes R, Jablonowski L, Holtfreter B, Pink C, Kocher T.","Odontology","109","2021","1618-1247; 1618-1255; ","780-791","research-article; journal article","Y","Y","N","Y","N","N",0,"Y","Y","N","Y","Y","2021-03-20","2021-03-19","4"
"24","34008925","MED","34008925","PMC8638322","10.1002/cre2.442","Low-grade osteosarcoma is predominant in gnathic osteosarcomas: A report of seven cases of osteosarcoma of the jaw.","Sasaki A, Miyashita H, Kawaida M, Kameyama K.","Clin Exp Dent Res","7","2021","2057-4347","1175-1182","research-article; journal article","Y","Y","N","Y","N","Y",1,"Y","Y","N","N","N","2021-05-20","2021-05-19","6"
"25","34730843","MED","34730843","PMC8661989","10.1002/jper.21-0335","Virus transmission by ultrasonic scaler and its prevention by antiviral agent: An in vitro study.","Fidler A, Steyer A, Manevski D, Gašperšic R.","J Periodontol",NA,"2021","0022-3492; 1943-3670; ",NA,"research-article; journal article","Y","Y","N","Y","N","N",0,"N","Y","N","Y","N","2021-11-26","2021-11-03",NA
"26","34096195","MED","34096195","PMC8638281","10.1002/cre2.459","Evaluation of healing at molar extraction sites with ridge preservation using a non-resorbable dense polytetrafluoroethylene membrane: A four-arm cohort prospective study.","Al Hugail AM, Mealey BL, Walker C, Al Harthi S, Duong M, Noujeim M, Lasho DJ, Prihoda TJ, Huynh-Ba G.","Clin Exp Dent Res","7","2021","2057-4347","1103-1111","research support, non-u.s. gov't; research-article; journal article","Y","Y","N","Y","N","N",1,"Y","Y","N","N","Y","2021-06-08","2021-06-06","6"
"27","34448289","MED","34448289","PMC8661568","10.1111/odi.14012","Digital surveillance: The interests in toothache-related information after the outbreak of COVID-19.","Rizzato VL, Lotto M, Lourenço Neto N, Oliveira TM, Cruvinel T.","Oral Dis",NA,"2021","1354-523x; 1601-0825; ",NA,"research-article; journal article","Y","Y","N","Y","N","N",1,"Y","Y","N","Y","N","2021-08-28","2021-08-27",NA
"28","34433437","MED","34433437","PMC8390188","10.1186/s12903-021-01758-y","Dental caries in children and adolescents with juvenile idiopathic arthritis and controls: a multilevel analysis.","Gil EG, Åstrøm AN, Lie SA, Rygg M, Fischer J, Rosén A, Bletsa A, Luukko K, Shi XQ, Halbig J, Frid P, Cetrelli L, Tylleskär K, Rosendahl K, Skeie MS.","BMC Oral Health","21","2021","1472-6831","417","research support, non-u.s. gov't; research-article; journal article","Y","Y","N","Y","N","Y",0,"Y","Y","N","N","Y","2021-08-27","2021-08-25","1"
"29","34049546","MED","34049546","PMC8161922","10.1186/s12903-021-01592-2","Immunoglobulin G4-related periodontitis: case report and review of the literature.","Zhang J, Zhao L, Zhou J, Dong W, Wu Y.","BMC Oral Health","21","2021","1472-6831","279","research support, non-u.s. gov't; review; journal article; case reports; case-report","Y","Y","N","Y","N","Y",0,"Y","Y","N","Y","N","2021-05-30","2021-05-28","1"
"30","33941165","MED","33941165","PMC8094499","10.1186/s12903-021-01586-0","Impact of endodontic case difficulty on operating time of single visit nonsurgical endodontic treatment under general anesthesia.","Chung SH, Chang J.","BMC Oral Health","21","2021","1472-6831","231","research support, non-u.s. gov't; research-article; journal article","Y","Y","N","Y","N","N",0,"Y","Y","N","N","N","2021-05-05","2021-05-03","1"
"31","34852938","MED","34852938","PMC8388193","10.1016/j.bjoms.2021.08.002","Immediate postoperative care on high dependency unit or ward following microvascular free tissue transfer: lessons learnt from a change in practice imposed during the COVID-19 pandemic.","James P, Bekiroglu F, Broderick D, Khattak O, Lowe D, Schache A, Shaw RJ, Rogers SN.","Br J Oral Maxillofac Surg",NA,"2021","0266-4356; 1532-1940; ",NA,"research-article; journal article","Y","Y","N","Y","N","N",0,"Y","Y","N","Y","N","2021-12-15","2021-08-26",NA
"32","34144677","MED","34144677","PMC8212458","10.1186/s12903-021-01665-2","Evaluation of biofilm colonization on multi-part dental implants in a rat model.","Blank E, Grischke J, Winkel A, Eberhard J, Kommerein N, Doll K, Yang I, Stiesch M.","BMC Oral Health","21","2021","1472-6831","313","research support, non-u.s. gov't; research-article; journal article","Y","Y","N","Y","N","N",0,"Y","Y","N","Y","N","2021-06-20","2021-06-18","1"
"33","34157171","MED","34157171","PMC8518620","10.1111/jop.13221","Decreased Annexin A1 expression enhances sensitivity to docetaxel, cisplatin and 5-fluorouracil combination induction chemotherapy in oral squamous cell carcinoma.","Sun W, Zhao T, Aladelusi TO, Ju W, Zhang Z, Zhong L, Zhu D.","J Oral Pathol Med","50","2021","0904-2512; 1600-0714; ","795-802","research-article; journal article","Y","Y","N","Y","N","Y",1,"Y","Y","N","Y","Y","2021-06-23","2021-07-05","8"
"34","33950079","MED","33950079","PMC8092806","10.1590/1678-7757-2020-0870","Physicochemical properties and effect of bioceramic root canal filling for primary teeth on osteoblast biology.","Ochoa Rodríguez VM, Tanomaru-Filho M, Rodrigues EM, Bugança EO, Guerreiro-Tanomaru JM, Faria G.","J Appl Oral Sci","29","2021","1678-7757; 1678-7765; ","e20200870","research-article; journal article","Y","Y","N","Y","N","N",0,"Y","Y","N","Y","N","2021-05-06","2021-05-03",NA
"35","33886942","MED","33886942","PMC8075293","10.1590/1678-7757-2020-0859","The effect of reduced glutathione on the toxicity of silver diamine fluoride in rat pulpal cells.","Kim S, Nassar M, Tamura Y, Hiraishi N, Jamleh A, Nikaido T, Tagami J.","J Appl Oral Sci","29","2021","1678-7757; 1678-7765; ","e20200859","research-article; journal article","Y","Y","N","Y","N","N",3,"Y","Y","N","N","N","2021-04-23","2021-04-19",NA
"36","33899251","MED","33899251","PMC8251434","10.1111/jcpe.13471","Dental biofilm of symptomatic COVID-19 patients harbours SARS-CoV-2.","Gomes SC, Fachin S, da Fonseca JG, Angst PDM, Lamers ML, da Silva ISB, Nunes LN.","J Clin Periodontol","48","2021","0303-6979; 1600-051x; ","880-885","research support, non-u.s. gov't; research-article; journal article","Y","Y","N","Y","N","N",4,"Y","Y","N","Y","N","2021-04-27","2021-05-04","7"
"37","33886943","MED","33886943","PMC8075290","10.1590/1678-7757-2020-0865","A novel acrylic resin palatal device contaminated with Candida albicans biofilm for denture stomatitis induction in Wistar rats.","Moraes GS, Albach T, Ramos IE, Kopacheski MG, Cachoeira VS, Sugio CYC, Galvão Arrais CA, Neppelenbroek KH, Urban VM.","J Appl Oral Sci","29","2021","1678-7757; 1678-7765; ","e20200865","research-article; journal article","Y","Y","N","Y","N","N",0,"Y","Y","N","Y","N","2021-04-23","2021-04-19",NA
"38","33825754","MED","33825754","PMC8011831","10.1590/1678-7757-2020-0770","Fc<U+03B3> receptors on aging neutrophils.","Gasparoto TH, Dalboni TM, Amôr NG, Abe AE, Perri G, Lara VS, Vieira NA, Gasparoto CT, Campanelli AP.","J Appl Oral Sci","29","2021","1678-7757; 1678-7765; ","e20200770","research-article; journal article","Y","Y","N","Y","N","N",1,"Y","Y","N","N","N","2021-04-08","2021-03-31",NA
"39","33852725","MED","33852725","PMC8376154","10.2319/031520-182.1","Osteoblast lineage cells and periodontal ligament fibroblasts regulate orthodontic tooth movement that is dependent on Nuclear Factor-kappa B (NF-kB) activation.","Jeon HH, Yang CY, Shin MK, Wang J, Patel JH, Chung CH, Graves DT.","Angle Orthod","91","2021","0003-3219; 1945-7103; ","664-671","research-article; journal article","N","Y","N","Y","N","N",1,"Y","Y","N","N","N","2021-04-16","2021-09-01","5"
"40","34101220","MED","34101220","PMC8457166","10.1111/jcpe.13502","Submucosal microbiome of peri-implant sites: A cross-sectional study.","Polymeri A, van der Horst J, Buijs MJ, Zaura E, Wismeijer D, Crielaard W, Loos BG, Laine ML, Brandt BW.","J Clin Periodontol","48","2021","0303-6979; 1600-051x; ","1228-1239","research support, non-u.s. gov't; research-article; journal article","Y","Y","N","Y","N","Y",1,"Y","Y","N","Y","N","2021-06-09","2021-07-14","9"
"41","33550328","MED","33550328","PMC7867655","10.1038/s41368-020-00108-y","Removal of nonimpacted third molars alters the periodontal condition of their neighbors clinically, immunologically, and microbiologically.","Tian Y, Sun L, Qu H, Yang Y, Chen F.","Int J Oral Sci","13","2021","1674-2818; 2049-3169; ","5","research support, non-u.s. gov't; research-article; journal article","Y","Y","N","Y","N","Y",1,"Y","Y","N","Y","N","2021-02-09","2021-02-07","1"
"42","33980235","MED","33980235","PMC8114663","10.1186/s12903-021-01627-8","A preparedness model for the provision of oral health care during unfolding threats: the case of the covid-19 pandemic.","Brondani M, Donnelly L.","BMC Oral Health","21","2021","1472-6831","254","research support, non-u.s. gov't; research-article; journal article","Y","Y","N","Y","N","N",1,"Y","Y","N","Y","N","2021-05-14","2021-05-12","1"
"43","33735535","MED","33735535","PMC8360043","10.1111/scd.12587","Analgesic effects of indomethacin spray on drug-induced oral mucositis pain in patients with cancer: A single-arm cross-sectional study.","Hata H, Takada S, Sato J, Yoshikawa K, Imamachi K, Edo M, Sagawa T, Fujikawa K, Ueda M, Matsuzaka M, Kitagawa Y.","Spec Care Dentist","41","2021","0275-1879; 1754-4505; ","498-504","clinical trial; research-article; journal article","Y","Y","N","Y","N","N",1,"Y","Y","N","N","N","2021-03-19","2021-03-18","4"
"44","34467845","MED","34467845","PMC8415007",NA,"Tooth Eruption and Early Childhood Caries: A Multisite Longitudinal Study.","Warren JJ, Levy SM, Xu Y, Daly JM, Eckert GJ, Clements D, Hara AT, Jackson R, Katz BP, Keels MA, Levy BT, Fontana M.","Pediatr Dent","43","2021","0164-1263; 1942-5473; ","287-289","research-article; journal article","N","Y","N","Y","N","N",0,"Y","Y","N","N","N","2021-09-02","2021-07-01","4"
"45","33711992","MED","33711992","PMC7953794","10.1186/s12903-021-01470-x","Quaternary ammonium silane (k21) based intracanal medicament triggers biofilm destruction.","Kok ESK, Lim XJ, Chew SX, Ong SF, See LY, Lim SH, Wong LA, Davamani F, Nagendrababu V, Fawzy A, Daood U.","BMC Oral Health","21","2021","1472-6831","116","research support, non-u.s. gov't; research-article; journal article","Y","Y","N","Y","N","N",0,"Y","Y","N","N","Y","2021-03-14","2021-03-12","1"
"46","33902558","MED","33902558","PMC8074430","10.1186/s12903-021-01544-w","Human dental pulp stem cell responses to different dental pulp capping materials.","Manaspon C, Jongwannasiri C, Chumprasert S, Sa-Ard-Iam N, Mahanonda R, Pavasant P, Porntaveetus T, Osathanon T.","BMC Oral Health","21","2021","1472-6831","209","research support, non-u.s. gov't; research-article; journal article","Y","Y","N","Y","N","Y",1,"Y","Y","N","N","N","2021-04-28","2021-04-26","1"
"47","33962608","MED","33962608","PMC8103598","10.1186/s12903-021-01606-z","Streptococcus salivarius inhibits immune activation by periodontal disease pathogens.","MacDonald KW, Chanyi RM, Macklaim JM, Cadieux PA, Reid G, Burton JP.","BMC Oral Health","21","2021","1472-6831","245","research support, non-u.s. gov't; research-article; journal article","Y","Y","N","Y","N","Y",0,"Y","Y","N","Y","N","2021-05-09","2021-05-07","1"
"48","33676489","MED","33676489","PMC7937238","10.1186/s12903-021-01463-w","Twelve years with a capitation payment system in Swedish dental care: longitudinal development of oral health.","Andås CA, Hakeberg M.","BMC Oral Health","21","2021","1472-6831","103","research support, non-u.s. gov't; research-article; journal article","Y","Y","N","Y","N","N",0,"Y","Y","N","Y","N","2021-03-09","2021-03-06","1"
"49","33586783","MED","33586783","PMC8518950","10.1002/jper.20-0800","Use of amnion-derived cellular cytokine solution for the treatment of gingivitis: A 2-week safety, dose-ranging, proof-of-principle randomized trial.","Hasturk H, Steed D, Tosun E, Martins M, Floros C, Nguyen D, Stephens D, Cugini M, Starr J, Van Dyke TE.","J Periodontol","92","2021","0022-3492; 1943-3670; ","1317-1328","research support, non-u.s. gov't; research-article; randomized controlled trial; journal article","Y","Y","N","Y","N","Y",2,"Y","Y","N","Y","Y","2021-02-16","2021-05-06","9"
"50","33569677","MED","33569677","PMC8342377","10.1007/s00784-021-03819-6","Biochemical and immunohistochemical analysis of tissue inhibitor of metalloproteinases-1 in human sound dentin.","Gobbi P, Maravic T, Comba A, Mazzitelli C, Mancuso E, Falconi M, Breschi L, Mazzoni A.","Clin Oral Investig","25","2021","1432-6981; 1436-3771; ","5067-5075","research-article; journal article","Y","Y","N","Y","N","N",0,"Y","Y","Y","N","N","2021-02-12","2021-02-10","8"
"51","33794847","MED","33794847","PMC8017824","10.1186/s12903-021-01529-9","Removable denture is a risk indicator for peri-implantitis and facilitates expansion of specific periodontopathogens: a cross-sectional study.","Grischke J, Szafranski SP, Muthukumarasamy U, Haeussler S, Stiesch M.","BMC Oral Health","21","2021","1472-6831","173","research support, non-u.s. gov't; research-article; journal article","Y","Y","N","Y","N","N",0,"Y","Y","N","Y","N","2021-04-03","2021-04-01","1"
"52","34176568","MED","34176568","PMC8486490","10.1016/j.adaj.2021.03.011","Enhancement of peripheral seal of medical face masks using a 3-dimensional-printed custom frame.","Ahmed A, Zhong Z, Suprono M, Savignano R, Riter H, Oyoyo U, Wilson A, Reece R, Kim J, Cho EH, Handysides R, Richardson P, Caruso J, Li Y.","J Am Dent Assoc","152","2021","0002-8177; 1943-4723; ","542-550","research-article; journal article","Y","Y","N","Y","N","N",0,"Y","Y","N","Y","N","2021-06-29","2021-07-01","7"
"53","33663476","MED","33663476","PMC7934505","10.1186/s12903-021-01449-8","Association between dental fear and eating disorders and Body Mass Index among Finnish university students: a national survey.","Sharifian MJ, Pohjola V, Kunttu K, Virtanen JI.","BMC Oral Health","21","2021","1472-6831","93","research-article; journal article","Y","Y","N","Y","N","Y",0,"Y","Y","N","Y","N","2021-03-06","2021-03-04","1"
"54","33715185","MED","33715185","PMC8360108","10.1111/iej.13514","Histology-based profile of inflammatory mediators in experimentally induced pulpitis in a rat model: screening for possible biomarkers.","Li M, Tian J, Xu Z, Zeng Q, Chen W, Lei S, Wei X.","Int Endod J","54","2021","0143-2885; 1365-2591; ","1328-1341","research-article; journal article","Y","Y","N","Y","N","Y",1,"Y","Y","N","N","N","2021-03-16","2021-03-31","8"
"55","33779355","MED","33779355","PMC8138329","10.1177/00220345211004849","SARS-CoV-2 Positivity in Asymptomatic-Screened Dental Patients.","Conway DI, Culshaw S, Edwards M, Clark C, Watling C, Robertson C, Braid R, O'Keefe E, McGoldrick N, Burns J, Provan S, VanSteenhouse H, Hay J, Gunson R, Dental COVID-19 Surveillance Survey Group.","J Dent Res","100","2021","0022-0345; 1544-0591; ","583-590","research-article; journal article","Y","Y","N","Y","N","Y",7,"Y","Y","N","Y","N","2021-03-30","2021-03-29","6"
"56","33411001","MED","33411001","PMC8137631","10.1007/s00784-020-03735-1","Oral tongue leukoplakia: analysis of clinicopathological characteristics, treatment outcomes, and factors related to recurrence and malignant transformation.","Yang SW, Lee YS, Chang LC, Yang CH, Luo CM, Wu PW.","Clin Oral Investig","25","2021","1432-6981; 1436-3771; ","4045-4058","research-article; journal article","Y","Y","N","Y","N","N",1,"Y","Y","N","N","N","2021-01-08","2021-01-07","6"
"57","33541354","MED","33541354","PMC7863489","10.1186/s12903-021-01409-2","Assessment of dental anxiety and dental phobia among adults in Lebanon.","Kassem El Hajj H, Fares Y, Abou-Abbas L.","BMC Oral Health","21","2021","1472-6831","48","research-article; journal article","Y","Y","N","Y","N","N",2,"Y","Y","N","Y","N","2021-02-06","2021-02-04","1"
"58","33638191","MED","33638191","PMC8799375","10.1111/jre.12850","IL-1B(3954) polymorphism and red complex bacteria increase IL-1ß (GCF) levels in periodontitis.","Pani P, Tsilioni I, McGlennen R, Brown CA, Hawley CE, Theoharides TC, Papathanasiou E.","J Periodontal Res","56","2021","0022-3484; 1600-0765; ","501-511","research-article; journal article","N","Y","N","Y","N","N",0,"Y","Y","Y","Y","Y","2021-02-28","2021-02-26","3"
"59","33441108","MED","33441108","PMC7805045","10.1186/s12903-021-01389-3","Association of a multiple-step action with cervical lymph node yield of oral cancer patients in an Asian country.","Yang CC, Kang BH, Liu WS, Yin CH, Lee CC.","BMC Oral Health","21","2021","1472-6831","29","research support, non-u.s. gov't; research-article; journal article","Y","Y","N","Y","N","Y",0,"Y","Y","N","Y","N","2021-01-16","2021-01-13","1"
"60","33413262","MED","33413262","PMC7791648","10.1186/s12903-020-01367-1","Effect of educational intervention on the appropriate use of oral antimicrobials in oral and maxillofacial surgery: a retrospective secondary data analysis.","Kusumoto J, Uda A, Kimura T, Furudoi S, Yoshii R, Matsumura M, Miyara T, Akashi M.","BMC Oral Health","21","2021","1472-6831","20","research-article; journal article","Y","Y","N","Y","N","Y",3,"Y","Y","N","Y","N","2021-01-09","2021-01-07","1"
"61","33880960","MED","33880960","PMC8293758","10.1177/00220345211007448","Dental Services and Health Outcomes in the New York State Medicaid Program.","Lamster IB, Malloy KP, DiMura PM, Cheng B, Wagner VL, Matson J, Proj A, Xi Y, Abel SN, Alfano MC.","J Dent Res","100","2021","0022-0345; 1544-0591; ","928-934","research support, non-u.s. gov't; research-article; journal article","Y","Y","N","Y","N","N",1,"Y","Y","N","Y","N","2021-04-22","2021-04-21","9"
"62","33377315","MED","33377315","PMC7940587","10.1111/omi.12329","PG1659 functions as anti-sigma factor to extracytoplasmic function sigma factor RpoE in Porphyromonas gingivalis W83.","Dou Y, Rutanhira H, Schormann N, Deivanayagam C, Fletcher HM.","Mol Oral Microbiol","36","2021","2041-1006; 2041-1014; ","80-91","research support, non-u.s. gov't; research-article; journal article; research support, n.i.h., extramural","N","Y","N","Y","N","Y",1,"Y","Y","N","Y","N","2020-12-31","2021-01-13","1"
"63","33368493","MED","33368493","PMC7986430","10.1111/jcpe.13414","Oxidative stress links periodontal inflammation and renal function.","Sharma P, Fenton A, Dias IHK, Heaton B, Brown CLR, Sidhu A, Rahman M, Griffiths HR, Cockwell P, Ferro CJ, Chapple IL, Dietrich T.","J Clin Periodontol","48","2021","0303-6979; 1600-051x; ","357-367","research support, non-u.s. gov't; research-article; journal article","Y","Y","N","Y","N","Y",0,"Y","Y","N","Y","Y","2020-12-29","2021-01-28","3"
"64","33641860","MED","33641860","PMC7816946","10.1016/j.adaj.2021.01.006","Severe acute respiratory syndrome coronavirus 2 infection in asymptomatic pediatric dental patients.","Lamberghini F, Trifan G, Testai FD.","J Am Dent Assoc","152","2021","0002-8177; 1943-4723; ","277-283","research-article; journal article","Y","Y","N","Y","N","N",4,"Y","Y","N","Y","N","2021-03-02","2021-01-19","4"
"65","33810832","MED","33810832","PMC7867385","10.1016/j.adaj.2021.02.001","What is the association between income loss during the COVID-19 pandemic and children's dental care?","Burgette JM, Weyant RJ, Ettinger AK, Miller E, Ray KN.","J Am Dent Assoc","152","2021","0002-8177; 1943-4723; ","369-376","research-article; journal article","Y","Y","N","Y","N","N",2,"Y","Y","N","Y","N","2021-04-06","2021-02-06","5"
"66","33541180","MED","33541180","PMC7868351","10.1177/0022034521990314","Dental Emergencies Management in COVID-19 Pandemic Peak: A Cohort Study.","Beauquis J, Petit AE, Michaux V, Sagué V, Henrard S, Leprince JG.","J Dent Res","100","2021","0022-0345; 1544-0591; ","352-360","research-article; journal article","Y","Y","N","Y","N","Y",4,"Y","Y","N","Y","N","2021-02-06","2021-02-04","4"
"67","33341947","MED","33341947","PMC8281492","10.1002/jper.20-0529","Senescent cells exacerbate chronic inflammation and contribute to periodontal disease progression in old mice.","Aquino-Martinez R, Eckhardt BA, Rowsey JL, Fraser DG, Khosla S, Farr JN, Monroe DG.","J Periodontol","92","2021","0022-3492; 1943-3670; ","1483-1495","research-article; journal article; research support, n.i.h., extramural","N","Y","N","Y","N","Y",1,"Y","Y","N","Y","N","2020-12-24","2021-01-06","10"
